first_name,email,gender
Ellynn,ecastledine0@hatena.ne.jp,Agender
Dulce,dcowill1@mail.ru,Polygender
Koralle,kconnechy2@pagesperso-orange.fr,Female
Lela,larnolds3@blinklist.com,Non-binary
Jacky,jnutty4@examiner.com,Agender
Sue,sfleetwood5@amazonaws.com,Male
Cam,cfloat6@imageshack.us,Male
Hinze,hmarques7@sina.com.cn,Genderfluid
Heidi,hjirusek8@ebay.co.uk,Agender
Perle,pbennetts9@woothemes.com,Polygender
Venita,vbaddeleya@cnbc.com,Female
Alejoa,apurslowb@123-reg.co.uk,Agender
Brandice,bbarsbyc@ox.ac.uk,Polygender
Tabbie,tbochd@icio.us,Female
Jillian,jhubane@hostgator.com,Non-binary
Otha,oditterf@booking.com,Male
Ally,atudorg@lycos.com,Female
Mabelle,mmabbetth@lulu.com,Bigender
Roxana,rivannikovi@examiner.com,Male
Morris,mtottonj@spiegel.de,Genderqueer
Roxine,ractonk@1688.com,Polygender
Marylinda,mcristofalol@hc360.com,Genderqueer
Garnette,gspiersm@imdb.com,Male
Dawn,dkoppen@skyrock.com,Non-binary
Zacharie,zlairdcraigo@so-net.ne.jp,Genderfluid
Luci,lhyettp@etsy.com,Genderqueer
Kelsi,kllorenteq@dion.ne.jp,Bigender
Harrie,hallattr@tuttocitta.it,Bigender
Felecia,ftabbs@shop-pro.jp,Non-binary
Rancell,rmcdowallt@rediff.com,Agender
Ludvig,lslineyu@bravesites.com,Genderqueer
Rhea,rbabonauv@dyndns.org,Bigender
Buddie,bponnsettw@163.com,Bigender
Abigael,abremnerx@list-manage.com,Female
Humbert,hsarneyy@mapquest.com,Non-binary
Veronica,vlegrovez@marketwatch.com,Genderfluid
Laraine,livanchikov10@imageshack.us,Agender
Carrissa,crathjen11@comcast.net,Genderfluid
Terrell,tbriston12@ebay.com,Bigender
Bartolemo,bquested13@cargocollective.com,Genderqueer
Kaleb,kbourgourd14@go.com,Non-binary
Gray,gpaolone15@bandcamp.com,Bigender
Allegra,ahowlett16@cornell.edu,Male
Brandais,bpudner17@pcworld.com,Non-binary
Giff,gpelz18@4shared.com,Female
Casey,cpepperell19@howstuffworks.com,Agender
Toby,tsaleway1a@oaic.gov.au,Non-binary
Dela,ddanielsen1b@ebay.co.uk,Male
Barbe,bspradbrow1c@ezinearticles.com,Genderfluid
Meggie,mirving1d@bloglines.com,Bigender
Rodrigo,rgregon1e@paypal.com,Non-binary
Clarine,cstrick1f@hexun.com,Non-binary
Skell,sjenicke1g@twitpic.com,Female
Ryann,rstendall1h@merriam-webster.com,Genderfluid
Chickie,cenglefield1i@zdnet.com,Agender
Agathe,ahargerie1j@businessweek.com,Female
Spense,svanbaaren1k@nps.gov,Male
Linn,lpiel1l@dmoz.org,Female
Caprice,cwattam1m@umn.edu,Genderqueer
Ollie,owandrach1n@businessinsider.com,Non-binary
Curtice,cdene1o@rambler.ru,Genderfluid
Teressa,tvanderbrugge1p@oaic.gov.au,Male
Rodd,rmarielle1q@goo.gl,Non-binary
Arny,abraysher1r@mediafire.com,Non-binary
Archibold,asturdy1s@mlb.com,Female
Rem,rogeneay1t@census.gov,Agender
Paige,pabels1u@joomla.org,Genderfluid
Rudolfo,rmabley1v@usatoday.com,Bigender
Theresina,tcardoo1w@wix.com,Genderqueer
Alene,avassay1x@odnoklassniki.ru,Female
Gaynor,gbricham1y@surveymonkey.com,Non-binary
Herculie,hdjurisic1z@abc.net.au,Female
Evania,esimchenko20@google.com.hk,Genderqueer
Abel,araggles21@salon.com,Non-binary
Kailey,kbert22@joomla.org,Female
Rayshell,rologan23@qq.com,Genderqueer
Daryle,dmapes24@slashdot.org,Agender
Robbie,rgiovannetti25@globo.com,Genderfluid
Panchito,pkingham26@answers.com,Female
Dulcine,dquigley27@nsw.gov.au,Genderqueer
Fay,fdobrovolski28@alibaba.com,Polygender
Emmeline,ebrittles29@ebay.com,Male
Blinny,bkirkbright2a@networkadvertising.org,Bigender
Melvyn,mrimmington2b@lycos.com,Genderqueer
Tobie,tspileman2c@chronoengine.com,Genderfluid
Patrice,phessay2d@foxnews.com,Non-binary
Gwen,gambrose2e@sciencedirect.com,Genderqueer
Orelle,ofilipputti2f@gov.uk,Male
Lowe,lmaffeo2g@microsoft.com,Non-binary
Olympie,oburris2h@amazon.com,Agender
Carver,cdewolfe2i@ucoz.com,Male
Thurstan,tarondel2j@cdbaby.com,Agender
Trixie,tgosneye2k@china.com.cn,Non-binary
Tyrone,tbuddock2l@reddit.com,Male
Tallie,thiorn2m@berkeley.edu,Male
Diane-marie,dmeers2n@blinklist.com,Genderfluid
Sollie,sandrock2o@hubpages.com,Female
Carleen,charme2p@livejournal.com,Male
Flo,fbeeck2q@indiegogo.com,Non-binary
Henri,hriccardelli2r@earthlink.net,Agender
Danya,doran2s@infoseek.co.jp,Male
Oralia,ooblein2t@fda.gov,Genderqueer
Baryram,bmcilwreath2u@spiegel.de,Non-binary
Emmey,eeddowis2v@t.co,Agender
Jacinthe,jweatherdon2w@behance.net,Genderqueer
Dorothee,dbenterman2x@princeton.edu,Genderqueer
Madelle,moliddy2y@deliciousdays.com,Bigender
Terrance,trief2z@free.fr,Genderfluid
Mignon,mgreensides30@123-reg.co.uk,Genderfluid
Rob,rdorow31@mashable.com,Bigender
Kelsey,kminshall32@flickr.com,Male
Mile,msandars33@feedburner.com,Female
Gabbie,gcleeves34@mtv.com,Genderfluid
Johnathan,jlittlefield35@nasa.gov,Bigender
Chloe,cbattabee36@ucoz.ru,Male
Abram,aanetts37@icq.com,Agender
Essa,eholtaway38@ibm.com,Non-binary
Yulma,ytissington39@mozilla.com,Polygender
Nara,ngabbatt3a@vkontakte.ru,Polygender
Porter,pbainbrigge3b@mozilla.org,Male
Hephzibah,hloding3c@nhs.uk,Non-binary
Kareem,kmockford3d@amazon.co.jp,Non-binary
Delcine,dnockles3e@google.cn,Bigender
Leonie,lmountain3f@slideshare.net,Genderqueer
Wolfie,wslany3g@ted.com,Bigender
Cammie,chindes3h@biblegateway.com,Female
Dael,demmatt3i@bloglines.com,Bigender
Karlee,kgraver3j@wsj.com,Genderqueer
Yolane,ymcelane3k@bbb.org,Male
Davine,djoynes3l@ucoz.com,Male
Guillemette,gfreathy3m@jugem.jp,Female
Redd,rpilmoor3n@princeton.edu,Genderfluid
Tildy,tdavidoff3o@craigslist.org,Polygender
Ambrose,atoe3p@uol.com.br,Non-binary
Melli,mfazan3q@de.vu,Bigender
Ursala,umugleston3r@gnu.org,Genderfluid
Billy,bdow3s@icq.com,Non-binary
Vikky,vmckinty3t@icio.us,Genderfluid
Denny,dpaiton3u@gmpg.org,Polygender
Gabriellia,gtedridge3v@dell.com,Polygender
Peyton,pminico3w@abc.net.au,Female
Selina,shazeldean3x@cpanel.net,Bigender
Perrine,pwhinray3y@scientificamerican.com,Female
Alden,achampness3z@discuz.net,Genderfluid
Kin,kyo40@hatena.ne.jp,Polygender
Milena,mdancy41@psu.edu,Male
Auberon,atansill42@cdc.gov,Agender
Atlante,ataylor43@nationalgeographic.com,Non-binary
Ailee,apinhorn44@independent.co.uk,Non-binary
Sydel,sprevett45@pbs.org,Female
Irwinn,ilimeburn46@ed.gov,Genderqueer
Hamish,hgeill47@pen.io,Genderqueer
Doria,dwillan48@mac.com,Non-binary
Anselm,agaffey49@auda.org.au,Male
Goraud,gsandiland4a@tinyurl.com,Polygender
Stanford,sclaesens4b@tuttocitta.it,Bigender
Sherilyn,sgronauer4c@phpbb.com,Agender
Alexander,aweaben4d@dailymotion.com,Bigender
Maudie,mreeson4e@furl.net,Agender
Ricoriki,rspanton4f@reverbnation.com,Agender
Bette-ann,bdemaria4g@tmall.com,Genderqueer
Mathew,mkempstone4h@slate.com,Non-binary
Minette,meccleshall4i@is.gd,Female
Findley,fcuruclis4j@dell.com,Genderqueer
Arlee,anary4k@mayoclinic.com,Agender
Bridgette,brodnight4l@flavors.me,Non-binary
Violante,vkubyszek4m@ameblo.jp,Agender
Waylon,wmaffei4n@who.int,Non-binary
Vergil,vweavill4o@cbslocal.com,Genderfluid
Thayne,turquhart4p@wikipedia.org,Female
Burton,bbadder4q@example.com,Agender
Alva,afearenside4r@yellowbook.com,Female
Dane,dcosgreave4s@vk.com,Non-binary
Granthem,gcorday4t@angelfire.com,Polygender
Eartha,eangrick4u@fda.gov,Non-binary
Farica,fdowyer4v@hhs.gov,Non-binary
Hernando,hscarre4w@desdev.cn,Female
Ephrem,escamerdine4x@auda.org.au,Bigender
Anallise,amurdie4y@elpais.com,Male
Tanney,tstorr4z@mashable.com,Non-binary
Rosalind,roverill50@pen.io,Genderfluid
Penrod,plesor51@cnn.com,Genderqueer
Eziechiele,ecleverley52@xing.com,Male
Talia,taugust53@statcounter.com,Genderfluid
Doroteya,dalder54@g.co,Genderqueer
Shirlee,saubert55@reverbnation.com,Genderfluid
Carissa,cdilnot56@studiopress.com,Male
Barnaby,bgreenley57@issuu.com,Genderqueer
Gabbie,gphilson58@miibeian.gov.cn,Male
Nelia,ndunbavin59@arstechnica.com,Polygender
Niel,nbenmore5a@paginegialle.it,Agender
Kendre,ksuddick5b@hc360.com,Male
Perle,pfessler5c@deviantart.com,Female
Sharyl,sbutterfill5d@blog.com,Genderqueer
Tabbi,trowler5e@example.com,Male
Randall,rnutley5f@yellowpages.com,Bigender
Lawry,lhadenton5g@cornell.edu,Non-binary
Hunt,hpodbury5h@jigsy.com,Genderqueer
Findlay,fashment5i@gnu.org,Agender
Shelby,sfucher5j@phoca.cz,Female
Austen,afomichyov5k@dagondesign.com,Genderfluid
Sid,sbreakspear5l@amazon.co.uk,Polygender
Gabbie,ghuws5m@umich.edu,Agender
Rogers,rferrini5n@umich.edu,Bigender
Kimbell,kweerdenburg5o@virginia.edu,Genderfluid
Em,eburles5p@ca.gov,Polygender
Dorothea,dbemrose5q@google.nl,Non-binary
Wynne,wpeniman5r@bing.com,Genderfluid
Ruthie,rbainbrigge5s@economist.com,Genderfluid
Shaine,slathee5t@myspace.com,Non-binary
Vale,vlonie5u@g.co,Genderqueer
Emalia,ecahalin5v@bizjournals.com,Male
Thomasine,tmcgowing5w@apache.org,Male
Rory,rdymocke5x@google.ca,Female
Dionne,dcapes5y@bloglines.com,Male
Tamara,tflewin5z@lulu.com,Bigender
Winnah,waronin60@uiuc.edu,Male
Kayley,kroon61@google.ca,Genderqueer
Standford,swrightham62@bing.com,Genderqueer
Tris,tharfleet63@bloglovin.com,Genderqueer
Dael,dbugg64@latimes.com,Female
Tessa,tkleinber65@exblog.jp,Genderfluid
Sydel,smartinec66@istockphoto.com,Polygender
Eddy,eminget67@eventbrite.com,Female
Marya,mcornels68@mediafire.com,Non-binary
Christian,cnovak69@dion.ne.jp,Male
Augy,amcgiffin6a@instagram.com,Genderqueer
Gabrielle,gjanda6b@ca.gov,Polygender
Ari,apurchall6c@discovery.com,Polygender
Brien,bwoodard6d@woothemes.com,Bigender
Yulma,yjosskovitz6e@google.co.uk,Non-binary
Richy,rmcewen6f@yahoo.com,Non-binary
Edgard,eacutt6g@stumbleupon.com,Non-binary
Glynn,geuplate6h@cpanel.net,Agender
Kevon,klamps6i@dailymail.co.uk,Female
Abdel,aalelsandrowicz6j@spotify.com,Genderfluid
Karoly,kseint6k@xinhuanet.com,Male
Nev,nthomlinson6l@ovh.net,Bigender
Ulrike,umace6m@unicef.org,Bigender
Marys,mcleave6n@booking.com,Bigender
Melosa,molsson6o@mozilla.org,Agender
Brian,blavigne6p@edublogs.org,Genderfluid
Deanne,dbertenshaw6q@omniture.com,Agender
Esra,eoughton6r@buzzfeed.com,Female
Alano,acastellino6s@squidoo.com,Bigender
Iolanthe,ikield6t@telegraph.co.uk,Genderqueer
Erna,egarmans6u@4shared.com,Polygender
Dorrie,dgillaspy6v@shinystat.com,Female
Tobey,twaterstone6w@amazon.de,Bigender
Dew,dogers6x@wikipedia.org,Genderqueer
Elvera,edopson6y@sun.com,Polygender
Clari,cantonich6z@kickstarter.com,Genderqueer
Roma,rboumphrey70@archive.org,Genderfluid
Joell,jogley71@unc.edu,Male
Kania,ktampin72@census.gov,Bigender
Rozamond,rtorres73@youku.com,Agender
Jenilee,jseleway74@jigsy.com,Genderfluid
Pennie,paylett75@spotify.com,Female
Amble,afortnum76@posterous.com,Male
Kameko,kcarmel77@bigcartel.com,Genderqueer
Tye,thughf78@loc.gov,Genderqueer
Clint,cpetric79@mozilla.com,Genderfluid
Samara,snairn7a@yellowbook.com,Genderfluid
Edsel,emccaskell7b@globo.com,Polygender
Way,wpiniur7c@prlog.org,Polygender
Allys,abeale7d@who.int,Male
Berty,bbergeon7e@jigsy.com,Non-binary
Fiorenze,fnucci7f@usnews.com,Female
Kimball,kdennidge7g@bbc.co.uk,Genderqueer
Shaylyn,saleksic7h@google.ca,Non-binary
Ninnette,nmcgreary7i@hhs.gov,Genderfluid
La verne,lasee7j@cbslocal.com,Male
Adrian,agamett7k@hp.com,Agender
Richy,roulner7l@ft.com,Polygender
Tiler,tyushmanov7m@storify.com,Bigender
Carmita,ctankard7n@webs.com,Non-binary
Mona,mdellcasa7o@dell.com,Genderqueer
Dierdre,dpurser7p@elpais.com,Agender
Sheryl,sruseworth7q@i2i.jp,Non-binary
Retha,rtraise7r@nydailynews.com,Male
Ange,arecher7s@gmpg.org,Polygender
Ansley,alepruvost7t@yale.edu,Genderfluid
Nerissa,ngrishechkin7u@discuz.net,Genderqueer
Donica,dromaines7v@usgs.gov,Genderfluid
Paulina,pjosum7w@elegantthemes.com,Bigender
Odessa,odegiovanni7x@tumblr.com,Non-binary
Pierce,pcoke7y@disqus.com,Genderqueer
Gram,glawles7z@comcast.net,Agender
Dugald,ddemaine80@issuu.com,Genderqueer
Rosabella,rtraves81@ycombinator.com,Genderfluid
Myrle,mfosserd82@godaddy.com,Agender
Brewer,blemmanbie83@1und1.de,Agender
Hamil,hfeldharker84@nba.com,Genderfluid
Edeline,eroblou85@amazon.de,Genderfluid
Dorolice,dmcguiness86@naver.com,Female
Godfry,gdesvignes87@slashdot.org,Female
Deborah,dlomis88@networkadvertising.org,Male
Lyell,lgammie89@amazon.co.uk,Female
Murielle,mcoverly8a@g.co,Female
Curr,cmclarty8b@boston.com,Bigender
Dominik,doloinn8c@opera.com,Genderqueer
Stephannie,shansberry8d@diigo.com,Male
Renado,rmuglestone8e@ebay.co.uk,Polygender
Nicol,nnovakovic8f@youku.com,Genderqueer
Rayner,rvallery8g@reddit.com,Polygender
Raynor,rstonefewings8h@storify.com,Genderqueer
Dianna,drawlins8i@trellian.com,Polygender
Fairleigh,fpena8j@chron.com,Polygender
Demetra,dcapon8k@ning.com,Bigender
Arlie,aherkess8l@tinyurl.com,Genderfluid
Ashlan,afessions8m@hostgator.com,Male
Wilbur,westrella8n@wikimedia.org,Agender
Seka,scourteney8o@booking.com,Genderfluid
Cassaundra,cprin8p@livejournal.com,Female
Cindra,cstandbrook8q@qq.com,Male
Ethel,ekennicott8r@hugedomains.com,Genderfluid
Albie,abarlthrop8s@google.com.br,Bigender
Reginald,rstormouth8t@squidoo.com,Female
Sherlock,smullineux8u@tuttocitta.it,Agender
Nanon,nmitchard8v@sitemeter.com,Polygender
Clementia,cdearell8w@redcross.org,Non-binary
Brynna,bhartlebury8x@hhs.gov,Polygender
Bank,bjahn8y@eventbrite.com,Male
Valentia,vbolens8z@umn.edu,Polygender
Shelli,skennea90@prnewswire.com,Polygender
Klarika,kgoucher91@nbcnews.com,Agender
Hersch,hmerry92@barnesandnoble.com,Genderqueer
Priscilla,pdrinan93@webeden.co.uk,Genderqueer
Cozmo,ckhidr94@opensource.org,Non-binary
Rodger,rfeehily95@usatoday.com,Male
Renaldo,ryaxley96@tinypic.com,Agender
Tully,tbrickstock97@4shared.com,Agender
Cointon,cfrane98@globo.com,Polygender
Loydie,lhaggar99@ask.com,Bigender
Charil,ccappleman9a@dedecms.com,Non-binary
Ches,cgypps9b@prweb.com,Genderfluid
Meridel,mmcphillimey9c@unesco.org,Genderfluid
Leeland,lackers9d@hp.com,Non-binary
Mar,manstee9e@oracle.com,Male
Willamina,wrobet9f@msn.com,Female
May,mdivers9g@japanpost.jp,Bigender
Karlene,ksuttie9h@phpbb.com,Female
Stillman,sashbey9i@bloglovin.com,Male
Nikki,nyeowell9j@hao123.com,Female
Riccardo,rfassman9k@archive.org,Genderqueer
Ronnie,rjimson9l@people.com.cn,Genderfluid
Clevie,chrinchishin9m@reddit.com,Non-binary
Tiffi,tkellett9n@disqus.com,Bigender
Forrest,fpickin9o@google.co.uk,Non-binary
Martguerita,mgreenrod9p@accuweather.com,Bigender
Donalt,ddelacourt9q@epa.gov,Male
Aggi,aholbie9r@slate.com,Genderqueer
Chas,cmulford9s@tmall.com,Agender
Kyle,kmartill9t@wikispaces.com,Male
Hank,hgussin9u@disqus.com,Bigender
Dodie,dviegas9v@scientificamerican.com,Bigender
Joaquin,jeldin9w@bbb.org,Genderfluid
Alejoa,abertelmot9x@amazon.co.jp,Polygender
Lou,lspeare9y@lulu.com,Genderqueer
Glen,greal9z@hibu.com,Genderfluid
Kirsteni,kbullenta0@issuu.com,Non-binary
Jenelle,jkervina1@jimdo.com,Polygender
Mirilla,mzebedeea2@skype.com,Non-binary
Slade,saerya3@ehow.com,Non-binary
Cassandra,cpeetermanna4@about.me,Female
Kevyn,kbotcherbya5@berkeley.edu,Female
Elroy,ejaggarda6@pen.io,Non-binary
Brear,bolczaka7@dell.com,Genderqueer
Bobbye,bliefa8@cyberchimps.com,Genderfluid
Stinky,spadulaa9@cbslocal.com,Bigender
Gladys,gotoweyaa@domainmarket.com,Female
Davine,dweightab@unblog.fr,Bigender
Alvina,achomickiac@webeden.co.uk,Male
Gualterio,gfieldsendad@php.net,Female
Mavra,mbradlaughae@delicious.com,Non-binary
Alina,afleischeraf@flickr.com,Polygender
Lucita,lmumfordag@wisc.edu,Polygender
Pegeen,pcussenah@wsj.com,Bigender
Abagael,aderuelai@printfriendly.com,Female
Boote,bprandinaj@msu.edu,Male
Giana,gkobpacak@about.me,Male
Faythe,fswendellal@illinois.edu,Agender
Andrey,aeshelbyam@house.gov,Bigender
Rina,reliassonan@shareasale.com,Genderfluid
Deerdre,dhirsthouseao@joomla.org,Bigender
Xena,xtibbap@google.co.uk,Genderfluid
Frazer,ffrentzaq@independent.co.uk,Male
Millisent,mrominovar@usa.gov,Genderqueer
Matty,mbruceas@miibeian.gov.cn,Bigender
Krystyna,koldroydeat@berkeley.edu,Agender
Heidi,hedgelerau@auda.org.au,Male
Mattheus,mfitchenav@hc360.com,Polygender
Ethelind,ehebblewhiteaw@oakley.com,Male
Ardra,acarlyleax@surveymonkey.com,Female
Ambrose,amccrorieay@printfriendly.com,Bigender
Kikelia,kcoggeshallaz@oakley.com,Genderfluid
Robena,rpepysb0@loc.gov,Genderfluid
Lock,ldallib1@pen.io,Bigender
Howie,hriccob2@mysql.com,Bigender
Janela,jmcgibbonb3@ihg.com,Polygender
Rois,rguddeb4@businesswire.com,Female
Yardley,yhugeninb5@va.gov,Female
Roobbie,rbatramb6@ustream.tv,Genderqueer
Kalil,kkeyserb7@senate.gov,Non-binary
Stewart,sminnisb8@apache.org,Genderfluid
Robina,rburbidgeb9@mysql.com,Polygender
Philippine,pbengerba@macromedia.com,Agender
Rosemary,rfevierbb@desdev.cn,Polygender
Christiane,cdilletbc@tiny.cc,Genderqueer
Irv,iroobd@whitehouse.gov,Polygender
Myrwyn,mrollingbe@tumblr.com,Bigender
Floria,flemeriebf@bloglovin.com,Agender
Janek,jdogetbg@cpanel.net,Male
Bekki,bpilchbh@surveymonkey.com,Polygender
Liz,learlebi@sbwire.com,Bigender
Harley,hsommerledbj@ucla.edu,Bigender
Broderick,bbeamissbk@jiathis.com,Agender
Dari,ddeaconsonbl@vk.com,Agender
Prudence,ptomischbm@joomla.org,Genderqueer
Yoshi,ydeavesbn@archive.org,Agender
Dirk,dblowinbo@bravesites.com,Bigender
Harley,helsiebp@ca.gov,Agender
Hatti,hgradlybq@reverbnation.com,Non-binary
Linnell,llippittbr@fastcompany.com,Non-binary
Juanita,jjojicbs@slashdot.org,Male
Roslyn,rferreirabt@alexa.com,Bigender
Clerkclaude,cdurekbu@drupal.org,Male
Rhys,rgiffbv@nymag.com,Agender
Elonore,edannelbw@discuz.net,Non-binary
Ruthann,rshuxsmithbx@timesonline.co.uk,Non-binary
Liana,lgierokby@sakura.ne.jp,Polygender
Amye,asetchellbz@pinterest.com,Bigender
Jule,jharnottc0@bizjournals.com,Polygender
George,gjillittc1@scribd.com,Genderqueer
Amalle,abernardyc2@fda.gov,Non-binary
Bordy,baxcellc3@de.vu,Non-binary
Giff,gklosterc4@yahoo.co.jp,Agender
Freeland,fkilgourc5@tinypic.com,Agender
Cora,chalversenc6@gmpg.org,Female
Bradly,bsouthc7@jugem.jp,Male
Clement,cclayalc8@businesswire.com,Non-binary
Gusella,gsimkovichc9@china.com.cn,Non-binary
Gerty,gvalaca@nature.com,Agender
Ofella,ohazletoncb@simplemachines.org,Female
Meara,mdorracottcc@examiner.com,Bigender
Cathyleen,cgheorghescucd@home.pl,Agender
Shoshanna,spurnellce@weibo.com,Genderfluid
Courtnay,cmerveillecf@sciencedaily.com,Agender
Worthy,wessexcg@google.fr,Polygender
Netta,nfussellch@earthlink.net,Non-binary
Glennis,gbickardikeci@angelfire.com,Agender
Eleanora,elimeburncj@cbc.ca,Genderfluid
Hoebart,hmasicck@msn.com,Genderfluid
Jaquith,jcolisbecl@sphinn.com,Male
Tonya,tniececm@bloglines.com,Genderqueer
Charlton,chehircn@dion.ne.jp,Genderqueer
Gabriellia,gstearnesco@vk.com,Genderqueer
Katie,ktorresicp@virginia.edu,Polygender
Gerard,gpontincq@opensource.org,Female
Amby,aduddancr@paypal.com,Bigender
Adeline,akettlestringecs@geocities.com,Male
Valenka,vhabeshawct@wordpress.org,Genderfluid
Adorne,asuerzcu@mozilla.org,Polygender
Hayes,hbarkhousecv@nature.com,Agender
Ritchie,rasplincw@nyu.edu,Agender
Buckie,bballochcx@nifty.com,Genderfluid
Leslie,ldwirecy@geocities.com,Female
Rickert,rogormallycz@woothemes.com,Female
Albina,aaarond0@dailymail.co.uk,Genderqueer
Wake,wgrishagind1@comcast.net,Genderqueer
Ricoriki,rmchaffyd2@wisc.edu,Non-binary
Nanni,nrapkinsd3@bbc.co.uk,Female
Rickert,rkirimaad4@salon.com,Non-binary
Layla,lbuggd5@delicious.com,Genderqueer
Shanta,srudramd6@engadget.com,Agender
Ondrea,oairthd7@bloglines.com,Polygender
Dud,dmcquoded8@uiuc.edu,Polygender
Care,claundond9@kickstarter.com,Female
Lanita,lhatwellda@t.co,Genderqueer
Guglielma,gstibbsdb@bbb.org,Genderqueer
Fionnula,foaklydc@newsvine.com,Genderfluid
Nara,ngabeldd@globo.com,Genderfluid
Sergei,smcnellisde@china.com.cn,Female
Timmie,tbirreldf@narod.ru,Bigender
Adriane,arayworthdg@toplist.cz,Female
Oates,obudgendh@taobao.com,Bigender
Hildegarde,hfandreydi@cocolog-nifty.com,Genderqueer
Florian,fsneyddj@devhub.com,Female
Whitney,wphilsondk@amazon.co.uk,Male
Elberta,ebosencedl@geocities.jp,Agender
Chloe,ccammockdm@goodreads.com,Male
Thibaut,tgeytondn@sitemeter.com,Bigender
Ian,ibonicellido@blinklist.com,Genderfluid
Waldon,wbrookwelldp@auda.org.au,Agender
Tanny,tknoxdq@icio.us,Genderfluid
Theodora,tarnodr@ft.com,Genderfluid
Alec,agoomds@blog.com,Genderfluid
Tanney,tdiaperdt@mashable.com,Non-binary
Rayna,rpollastrinodu@scientificamerican.com,Genderfluid
Dorthy,ddepaepedv@geocities.jp,Male
Marybeth,mstansburydw@i2i.jp,Male
Morrie,mmacdowalldx@youku.com,Polygender
Aryn,akuhntdy@weather.com,Polygender
Linea,lcheversdz@zimbio.com,Female
Abie,achstneye0@shop-pro.jp,Female
Cornie,cjilkese1@sourceforge.net,Non-binary
Johannes,jfoynese2@sina.com.cn,Non-binary
Kathye,krawsthorne3@pcworld.com,Bigender
Orelie,oroggere4@washington.edu,Female
Lazarus,lkinnerke5@jigsy.com,Agender
Alison,afellneee6@newsvine.com,Male
Andreana,alutye7@vistaprint.com,Agender
Fanchon,fdunnicoe8@yandex.ru,Female
Brynna,bstefanovice9@washington.edu,Male
Theresina,trichensea@craigslist.org,Male
Merwin,mgiddeneb@arstechnica.com,Female
Aron,acostardec@sourceforge.net,Agender
Robina,rloranted@marketwatch.com,Non-binary
Hercules,hverbeekee@yandex.ru,Polygender
Gertrud,gsmithendef@prnewswire.com,Agender
Barri,beyrleg@cornell.edu,Polygender
Libbie,lloffheadeh@mashable.com,Bigender
Cory,cdarbonei@independent.co.uk,Genderfluid
Keven,kschoroderej@wufoo.com,Genderqueer
Alard,agreshamek@dmoz.org,Female
Matthias,mprembleel@state.gov,Bigender
Anna-diane,apeytonem@loc.gov,Bigender
Heinrik,heynalden@engadget.com,Polygender
Irene,idahlbergeo@github.com,Non-binary
Arin,aloutheaneep@goo.gl,Genderqueer
Rolland,rgriffeyeq@salon.com,Non-binary
Lelah,lcrasser@reference.com,Non-binary
Monte,mmorrades@cloudflare.com,Non-binary
Ofella,ogreatbanket@wikispaces.com,Male
Terri,tmacbeaneu@geocities.com,Genderqueer
Lucinda,lwallenev@usatoday.com,Non-binary
Roxie,rneisingew@newyorker.com,Male
Clevey,caronsonex@istockphoto.com,Polygender
Jayne,jgladhilley@networksolutions.com,Genderqueer
Pincas,pfolomkinez@redcross.org,Genderqueer
Merilyn,mboisef0@miitbeian.gov.cn,Polygender
Rafi,rjanuszewskif1@google.co.uk,Non-binary
Hamil,hashmolef2@merriam-webster.com,Female
Kimball,kquernelf3@istockphoto.com,Male
Flory,fthewlisf4@vk.com,Male
Damara,dharborf5@yolasite.com,Female
Rinaldo,rghionif6@posterous.com,Male
Hallie,hpetof7@vkontakte.ru,Agender
Friedrich,fhalsonf8@netscape.com,Agender
Alwyn,aortof9@sbwire.com,Non-binary
Leopold,lbourchierfa@infoseek.co.jp,Male
Clementine,cramelotfb@un.org,Genderfluid
Valli,vdungeyfc@wisc.edu,Non-binary
Karna,knewallfd@cmu.edu,Male
Oralla,omownefe@home.pl,Bigender
Nelle,ncanwellff@businessinsider.com,Genderfluid
Tracy,tvantfg@reddit.com,Female
Gwendolyn,gsutehallfh@tripod.com,Genderqueer
Roi,rpeagramfi@youku.com,Non-binary
Thalia,tmckerleyfj@wufoo.com,Genderqueer
Gayelord,garchboldfk@hostgator.com,Female
Jo,jfaichniefl@ask.com,Agender
Erminia,enettifm@dagondesign.com,Genderfluid
Annabell,abrewisfn@dailymail.co.uk,Female
Stavros,sdesseinefo@abc.net.au,Genderqueer
Chrisse,cdalesiofp@shareasale.com,Genderfluid
Pincas,pfogdenfq@loc.gov,Female
Eveleen,ebolinfr@lycos.com,Genderfluid
Nydia,ncattinifs@ebay.co.uk,Female
Bernita,bwrinchft@woothemes.com,Male
Denney,dalldrittfu@jugem.jp,Agender
Gabriele,gmishfv@sohu.com,Agender
Rene,rlusherfw@macromedia.com,Genderqueer
Willdon,wwinyardfx@zimbio.com,Bigender
Bar,brushmarefy@blinklist.com,Polygender
Monah,mtrinkefz@tmall.com,Genderqueer
Gaultiero,gmcelweeg0@skyrock.com,Female
Rabbi,rbanisterg1@ustream.tv,Agender
Peggi,pblaszczynskig2@mit.edu,Genderfluid
Malchy,mmctavyg3@smugmug.com,Male
Vilma,vweldeng4@utexas.edu,Polygender
Merrie,mbrouardg5@ow.ly,Bigender
Sonnie,sdeverellg6@un.org,Female
Karalee,kschuttg7@gov.uk,Male
Kippie,kjehug8@whitehouse.gov,Bigender
Estrellita,evanceg9@phoca.cz,Non-binary
Chloe,ctomashovga@wordpress.com,Agender
Dixie,dlangfatgb@edublogs.org,Bigender
Torrie,tchidleygc@omniture.com,Genderfluid
Morna,mmcelmurraygd@free.fr,Female
Cale,crouchyge@gizmodo.com,Genderqueer
Dion,ddebeauchempgf@chronoengine.com,Non-binary
Sasha,sdebischofgg@prnewswire.com,Genderfluid
Jerri,jrosenbarggh@example.com,Non-binary
Clarie,cwannangi@unblog.fr,Genderfluid
Rosanne,rbaldreygj@google.com,Genderfluid
Leonidas,loscallangk@linkedin.com,Agender
Charyl,cjancgl@wordpress.org,Female
Elna,ebraundsgm@pcworld.com,Male
Babs,bmatiewegn@wikispaces.com,Non-binary
Kamila,kswaytongo@arizona.edu,Non-binary
Sly,scodlinggp@biblegateway.com,Female
Aguistin,alivergq@theguardian.com,Genderfluid
Sutton,shelmkegr@clickbank.net,Female
Lutero,lellingtongs@samsung.com,Male
Anastasie,agilstingt@drupal.org,Female
Cort,cwishartgu@ibm.com,Non-binary
Barbey,bshorrockgv@tmall.com,Female
Emmalynn,esouzagw@trellian.com,Male
Catharina,cmariansgx@soundcloud.com,Agender
Lee,lpettigy@people.com.cn,Genderqueer
Darwin,dbernardotgz@nature.com,Polygender
Bobbe,bedonh0@yahoo.co.jp,Agender
Mick,mpedlinghamh1@google.ru,Male
Dylan,dmaaseh2@wsj.com,Female
Jerrilyn,jskittrealh3@hatena.ne.jp,Female
Val,vregitzh4@sciencedaily.com,Genderqueer
Vinita,vbarlingh5@guardian.co.uk,Male
Kamila,kheinssenh6@earthlink.net,Genderfluid
Sheila-kathryn,sraulstoneh7@mtv.com,Genderfluid
Winnifred,wsegraveh8@edublogs.org,Agender
Erek,eskinleyh9@sakura.ne.jp,Genderfluid
Hettie,hhofnerha@odnoklassniki.ru,Agender
Freddie,fsallierhb@stanford.edu,Bigender
Ferris,fvaninihc@flickr.com,Non-binary
Junina,jknokhd@telegraph.co.uk,Bigender
Alfredo,ahenfrehe@gnu.org,Polygender
Karie,kklossmannhf@irs.gov,Male
Cissiee,cswinfenhg@blogtalkradio.com,Polygender
Kamilah,kmacdunleavyhh@deliciousdays.com,Bigender
Ramon,rgillmorehi@homestead.com,Non-binary
Lise,lgeffcockhj@sakura.ne.jp,Female
Gene,gfosdikehk@army.mil,Female
Geri,ggilhouleyhl@china.com.cn,Genderqueer
Humbert,hvannahhm@tamu.edu,Non-binary
Tabbitha,tsharlandhn@slideshare.net,Non-binary
Colas,clangtreeho@phoca.cz,Non-binary
Anitra,asorrellhp@ucla.edu,Female
Pete,pfalconerhq@barnesandnoble.com,Polygender
Deirdre,dhuckerhr@hud.gov,Male
Silvano,sforesighths@cdbaby.com,Genderqueer
Oswald,olepoidevinht@printfriendly.com,Genderqueer
Bernardo,bdursleyhu@wordpress.com,Genderfluid
Carver,cbramsomhv@soup.io,Female
Carrol,cveschambrehw@jugem.jp,Polygender
Perrine,pwoodthorpehx@apache.org,Male
Crissy,cchestlehy@narod.ru,Genderfluid
June,jambrosettihz@unc.edu,Non-binary
Marylin,mmulleni0@sciencedaily.com,Genderfluid
Lilllie,lleadbetteri1@upenn.edu,Agender
Waylen,wcrumi2@godaddy.com,Female
Nanny,nkepei3@aol.com,Polygender
Dav,dcamackei4@wikispaces.com,Non-binary
Mischa,mwaymani5@harvard.edu,Polygender
Stacee,skamalli6@harvard.edu,Agender
Sutherland,sjedrasi7@princeton.edu,Bigender
Karilynn,kproseki8@trellian.com,Genderqueer
Patric,ptruetti9@guardian.co.uk,Non-binary
Tod,tgrenehamia@homestead.com,Female
Bancroft,bkratesib@technorati.com,Genderqueer
Eldredge,ecathraeic@artisteer.com,Genderqueer
Jinny,jlillfordid@clickbank.net,Polygender
Aggie,aruminie@wiley.com,Agender
Kippy,kmattisif@princeton.edu,Genderqueer
Wes,wshiellig@bloomberg.com,Bigender
Ned,nashburnerih@pcworld.com,Genderqueer
Kalina,kboomii@sakura.ne.jp,Genderfluid
Eirena,eheinkeij@xrea.com,Genderqueer
Therese,twonfarik@tmall.com,Non-binary
Karrah,klougheedil@posterous.com,Genderfluid
Devi,dsheachim@google.cn,Male
Drusie,dportugalin@bing.com,Genderqueer
Shandra,sclemenzoio@rambler.ru,Bigender
Lyman,larlowip@vistaprint.com,Polygender
Deina,dnuddiq@freewebs.com,Bigender
Viviene,vbutenir@bbb.org,Female
Megan,mtimlinis@ning.com,Male
Merrielle,mpotteryit@zdnet.com,Genderqueer
Farra,fstartoniu@gnu.org,Female
Klemens,ktrightoniv@naver.com,Polygender
Evania,efenixiw@cocolog-nifty.com,Genderqueer
Minetta,medwinsonix@dyndns.org,Male
Ingeberg,iswaddeniy@salon.com,Bigender
Phyllys,pminetteiz@dell.com,Female
Ernst,ecurbishleyj0@wunderground.com,Male
Clare,cbraybrookj1@apache.org,Bigender
Chrystel,chintzej2@ca.gov,Male
Dennie,dromaynej3@dailymail.co.uk,Bigender
Ryon,rbrafertonj4@nydailynews.com,Polygender
Keslie,kfazziolij5@mozilla.org,Non-binary
Stefan,strundellj6@ihg.com,Bigender
Corene,cwallicej7@princeton.edu,Polygender
Meredeth,mortj8@wikimedia.org,Non-binary
Tomas,triepj9@toplist.cz,Genderfluid
Hale,hellisonja@businessinsider.com,Polygender
Ermina,edewesjb@hexun.com,Genderqueer
Casie,cbodenjc@slate.com,Genderqueer
Amara,ahaynesjd@behance.net,Male
Delcina,ddutteridgeje@omniture.com,Genderfluid
Tabbatha,tlevesleyjf@zdnet.com,Non-binary
Ruperto,rlidbetterjg@ifeng.com,Bigender
Ferdie,fgallehawkjh@amazon.de,Male
Jarvis,jkingsworthji@ovh.net,Genderqueer
Shirleen,scoathupjj@dot.gov,Non-binary
Felicity,fallenjk@unicef.org,Genderfluid
Dana,desplinjl@weibo.com,Genderfluid
Jackie,jmattheissenjm@behance.net,Polygender
Rouvin,rdanisjn@g.co,Non-binary
Christie,ctylorjo@time.com,Genderfluid
Wendall,whaseljp@goo.ne.jp,Bigender
Jeremiah,jenriquesjq@stumbleupon.com,Agender
Steffane,scolejr@tripod.com,Male
Husain,hventurajs@ameblo.jp,Genderqueer
Fleur,fdelaspeejt@biblegateway.com,Bigender
Addia,abakeupju@github.io,Bigender
Peggi,pjuszczakjv@mediafire.com,Bigender
Kacie,kmatteolijw@va.gov,Female
Korrie,kswiffinjx@fema.gov,Bigender
Loren,lroumierjy@webmd.com,Agender
Torr,tjayesjz@harvard.edu,Non-binary
Roxane,rmillenk0@npr.org,Bigender
Gaspar,gmarjotk1@weibo.com,Genderfluid
Shaine,selldredk2@blogtalkradio.com,Bigender
Frederic,fcastonk3@mail.ru,Polygender
Maxy,mmacinerneyk4@blogspot.com,Genderqueer
Andra,aplunkettk5@addtoany.com,Polygender
Suellen,skerfutk6@devhub.com,Genderfluid
Hardy,hgladdork7@stanford.edu,Non-binary
Kaia,kcharonk8@accuweather.com,Agender
Billy,bdeloozek9@arstechnica.com,Male
Halsey,hphippska@mit.edu,Male
Rita,rgosdenkb@t-online.de,Agender
Davidde,dhadwinkc@bloglovin.com,Genderfluid
Jacqueline,jalltimeskd@intel.com,Agender
Corrine,chanselke@jiathis.com,Genderfluid
Amity,agrzegorzewiczkf@google.it,Genderfluid
Aylmer,aradinkg@uiuc.edu,Agender
Collen,ckiddykh@youtube.com,Agender
Meghan,mderycotki@nyu.edu,Genderqueer
Leonore,ldictekj@mysql.com,Polygender
Merwin,mblackburnekk@ihg.com,Bigender
Chanda,cdanickkl@xing.com,Genderfluid
Marilee,mmccartneykm@latimes.com,Agender
Ferne,fgalpinkn@opera.com,Bigender
Edy,erookesbyko@guardian.co.uk,Male
Viola,vswaytekp@vk.com,Agender
Isidor,ikenchingtonkq@bbc.co.uk,Male
Bonita,banfonsikr@discuz.net,Male
Sean,syakubovks@opensource.org,Female
Tabina,thulkeskt@posterous.com,Agender
Waite,wcarlosku@slashdot.org,Genderfluid
Ashli,atilfordkv@meetup.com,Bigender
Emerson,epembertonkw@meetup.com,Genderqueer
Beau,btillertonkx@acquirethisname.com,Genderqueer
Esmaria,eleaderky@cyberchimps.com,Genderfluid
Nevins,nmargettskz@ft.com,Polygender
Bartlett,bmurdyl0@paginegialle.it,Female
Cristiano,cclarkewilliamsl1@github.io,Male
Rosemaria,rpreedyl2@plala.or.jp,Agender
Oates,oslimanl3@harvard.edu,Genderqueer
Jarad,jgascarl4@businesswire.com,Bigender
Skylar,sbatiel5@google.cn,Polygender
Stefan,smattheeuwl6@artisteer.com,Agender
Vivia,vmcdarmidl7@tamu.edu,Polygender
Odele,ohakingl8@eventbrite.com,Non-binary
Cassondra,csaylel9@craigslist.org,Genderfluid
Candie,cmarshalleckla@ezinearticles.com,Genderfluid
Irving,ieddowislb@theguardian.com,Non-binary
Roselin,rcampeslc@ed.gov,Female
Alexandrina,aorgelld@bluehost.com,Polygender
Cecelia,cthornele@shop-pro.jp,Genderqueer
Karin,khartricklf@icio.us,Female
Joshua,jjelflg@booking.com,Female
Richmound,rthorleylh@cam.ac.uk,Genderfluid
Humfrey,hpearceli@twitpic.com,Polygender
Rhianon,rwaddoupslj@mlb.com,Male
Jen,jcarlsonlk@mayoclinic.com,Bigender
Flora,fgerrenll@pinterest.com,Male
Annabela,awinklelm@microsoft.com,Polygender
Ive,iclaybourneln@imageshack.us,Genderqueer
Kial,kgeachlo@webmd.com,Agender
Cookie,cgalllp@telegraph.co.uk,Genderqueer
Missie,mchristaeaslq@yelp.com,Polygender
Ashley,abucherlr@dagondesign.com,Polygender
Jodi,jhallasls@list-manage.com,Bigender
Gaylord,gbaldilt@theguardian.com,Genderfluid
Trude,tcarrelllu@webeden.co.uk,Bigender
Merv,mwallaslv@shinystat.com,Bigender
Cole,cjuzalw@joomla.org,Male
Goldia,gpetzoltlx@google.ru,Bigender
Putnem,pbuckleighly@sphinn.com,Agender
Ilyssa,iaspinallz@canalblog.com,Male
Cari,classetterm0@telegraph.co.uk,Genderqueer
Dede,dstreatm1@nifty.com,Polygender
Lucila,lshwalbem2@shareasale.com,Polygender
Bryna,bgrevelm3@squidoo.com,Genderqueer
Sally,skelbermanm4@state.gov,Genderfluid
Orelle,odemorenam5@sourceforge.net,Genderqueer
Gill,gjancsom6@ftc.gov,Non-binary
Brynn,brosinm7@seattletimes.com,Non-binary
Broddie,bgregerm8@wikispaces.com,Polygender
Teriann,tlinggoodm9@ucoz.com,Male
Jordon,jduberyma@360.cn,Bigender
Polly,pohoganmb@jugem.jp,Bigender
Erick,ejallinmc@sbwire.com,Bigender
Walden,wtoughmd@cbslocal.com,Male
Dav,dlosebieme@yandex.ru,Female
Keene,kboddiemf@archive.org,Bigender
Lucky,lbloismg@furl.net,Male
Sidnee,scunniffemh@gmpg.org,Non-binary
Edin,ereadettmi@artisteer.com,Male
Aimee,agreensitemj@goodreads.com,Bigender
Jacquelynn,jmacgeemk@merriam-webster.com,Bigender
Balduin,bbraggeml@usgs.gov,Female
Jamesy,jfleymm@qq.com,Genderqueer
Vasilis,vtunnicliffmn@usgs.gov,Genderqueer
Aila,acharlwoodmo@xing.com,Agender
Denny,dsicilymp@hostgator.com,Bigender
Rosetta,rstembridgemq@scientificamerican.com,Genderqueer
Fina,fschruyersmr@nasa.gov,Non-binary
Charmion,cbattertonms@cloudflare.com,Polygender
Lotty,lfishpoolemt@microsoft.com,Female
Lowrance,lbuntmu@macromedia.com,Genderfluid
Umeko,uwaterstonemv@jiathis.com,Genderqueer
Doreen,dsaffinmw@ovh.net,Polygender
Michelle,mjuschkamx@google.fr,Genderfluid
Charita,cbromwichmy@4shared.com,Genderfluid
Izabel,iskethmz@boston.com,Female
Herbert,helsmoren0@elegantthemes.com,Agender
Barb,bmcquillenn1@qq.com,Genderqueer
Opaline,otiddyn2@disqus.com,Non-binary
Vernon,vburnandn3@jigsy.com,Genderqueer
Dominik,dwinnardn4@com.com,Bigender
Timothea,thaslinn5@hatena.ne.jp,Bigender
Hurlee,hathowen6@infoseek.co.jp,Bigender
Clarine,cdimitrescon7@dropbox.com,Bigender
Courtney,ceastwelln8@pbs.org,Genderfluid
Orsola,omurtaghn9@squidoo.com,Genderfluid
Darin,ddecreuzena@walmart.com,Genderqueer
Jazmin,jkinignb@shareasale.com,Male
Suzanna,smccaskellnc@aol.com,Genderqueer
Ines,ibrinkmannd@constantcontact.com,Male
Ben,bcorderone@wikimedia.org,Genderqueer
Brenn,bleonardsnf@fc2.com,Genderfluid
Kalvin,kurryng@google.fr,Genderqueer
Martica,mcarraghernh@rambler.ru,Agender
Harlie,hbeavonni@booking.com,Genderqueer
Robbie,rstroulgernj@odnoklassniki.ru,Bigender
Reinaldos,rposselwhitenk@symantec.com,Non-binary
Renault,rmccawleynl@blogger.com,Non-binary
Ardene,atoalnm@istockphoto.com,Genderfluid
Gray,grenshellnn@smh.com.au,Non-binary
Zitella,zburlinghamno@whitehouse.gov,Genderqueer
Norrie,nwalleynp@hatena.ne.jp,Genderfluid
Cindie,cwicksonnq@1und1.de,Genderfluid
Aurlie,afairbanksnr@netlog.com,Genderqueer
Constantina,ckeniwellns@mayoclinic.com,Genderqueer
Minette,mbatterhamnt@diigo.com,Female
Adriena,ablackhamnu@nbcnews.com,Female
Moises,mgruszeckinv@fastcompany.com,Genderqueer
Dorian,dhurdmannw@latimes.com,Polygender
Esme,eheseynx@disqus.com,Polygender
Rakel,rjezzardny@google.es,Polygender
Winslow,wtoffalonz@google.com.hk,Polygender
Carlynn,chalvoseno0@princeton.edu,Polygender
Marianna,mpetrelloo1@pinterest.com,Bigender
Elissa,echristenseno2@sakura.ne.jp,Female
Ronica,rbarthrupo3@diigo.com,Male
Glen,gmccaugheyo4@indiatimes.com,Agender
Stern,sdevonisho5@phoca.cz,Non-binary
Napoleon,nlantuffeo6@geocities.com,Non-binary
Oren,oriccardoo7@sfgate.com,Agender
Georas,ggiacobilioo8@independent.co.uk,Non-binary
Katerina,kzuano9@columbia.edu,Genderqueer
Flss,fdownseoa@goo.gl,Male
Cobb,carnholzob@apple.com,Bigender
Thorndike,tharnoroc@aboutads.info,Genderqueer
Felicia,fskittod@un.org,Genderqueer
Winifred,wdilksoe@eventbrite.com,Polygender
Tillie,trubeeof@umn.edu,Agender
Germana,glicquorishog@webnode.com,Genderqueer
Avigdor,agreatorexoh@unicef.org,Polygender
Elenore,ewernheroi@economist.com,Agender
Elmo,ehunnaballoj@princeton.edu,Female
Dode,dbeckworthok@tripod.com,Female
Andy,amenguyol@quantcast.com,Male
Jarret,jpresslandom@bloglovin.com,Male
Ferrell,fwhitebrookon@discovery.com,Polygender
Ray,ranselmioo@stanford.edu,Polygender
Jeremy,jsextiop@wisc.edu,Genderfluid
Hamlen,hdimbylowoq@webs.com,Male
Marianne,mlambrechtor@wp.com,Genderqueer
Candida,cwaddicoros@nhs.uk,Bigender
Gerri,gbostonot@tiny.cc,Non-binary
Kaylil,kmarinou@nasa.gov,Bigender
Maurene,mrottenburyov@flavors.me,Genderqueer
Gussy,ghollierow@hhs.gov,Genderfluid
Violette,vdonglesox@indiegogo.com,Female
Gregory,graingeroy@cloudflare.com,Genderfluid
Silvio,svanderveldtoz@blinklist.com,Agender
Oates,okrauzep0@gov.uk,Agender
Andeee,amaudep1@liveinternet.ru,Agender
Lawrence,lrosenp2@uol.com.br,Agender
Edee,ethomtonp3@ucla.edu,Bigender
Byrle,blangabeerp4@shutterfly.com,Polygender
Bryn,bkellingtonp5@google.de,Agender
Tarra,tliccardop6@about.com,Female
Thornie,tashallp7@si.edu,Genderqueer
Vick,vdeloozep8@printfriendly.com,Bigender
Boyce,bhanbyp9@archive.org,Genderfluid
Mechelle,mpadberypa@slate.com,Female
Georgianna,ghazelpb@ft.com,Bigender
Mehetabel,mmattosoffpc@tiny.cc,Genderqueer
Britney,bmactrustypd@myspace.com,Male
Laughton,ldemkepe@bizjournals.com,Genderqueer
Sauncho,smarthenpf@state.gov,Polygender
Cristina,cvasilechkopg@guardian.co.uk,Male
Ilario,iromeufph@drupal.org,Genderqueer
Florie,fwrettumpi@cdc.gov,Bigender
Brynne,blaybornpj@hao123.com,Bigender
Carlen,cnarispk@vistaprint.com,Non-binary
Amaleta,aextilpl@parallels.com,Male
Karly,kharbererpm@blinklist.com,Agender
Kristoforo,kclausnerpn@deviantart.com,Bigender
Matelda,mfollettpo@wikispaces.com,Genderfluid
Lutero,lskenepp@dell.com,Bigender
Rowney,reastbypq@tinyurl.com,Genderfluid
Marcello,mcaulcuttpr@si.edu,Female
Emlyn,evickersps@xinhuanet.com,Bigender
Louisette,lbellonpt@studiopress.com,Female
Selinda,sleatherbarrowpu@dion.ne.jp,Genderqueer
Berty,bdallypv@fema.gov,Bigender
Priscella,pgibbettspw@youku.com,Female
Felice,fbattersbypx@disqus.com,Female
Cobb,cburreepy@imageshack.us,Male
Thomasin,tpietzpz@nhs.uk,Genderfluid
Nisse,nshawyersq0@stumbleupon.com,Genderfluid
Alvan,aschultesq1@nymag.com,Genderqueer
Hamilton,hwoodallq2@comcast.net,Bigender
Britni,bgroucockq3@sakura.ne.jp,Male
Elonore,ecresserq4@google.nl,Bigender
Ellene,eskeggsq5@narod.ru,Bigender
Kristi,kbehninckq6@sitemeter.com,Non-binary
Toby,tboageyq7@hao123.com,Male
Rozina,rwissbyq8@prnewswire.com,Male
Josiah,jliddiattq9@cmu.edu,Agender
Carlen,cfairholmeqa@jigsy.com,Agender
Ernesta,ehammelqb@goo.gl,Bigender
Antonia,acaudelierqc@marketwatch.com,Female
Starla,seagarqd@t-online.de,Genderfluid
Tremaine,tmaithqe@mlb.com,Male
Krishna,kludoviciqf@usatoday.com,Genderqueer
Oralla,oboddamqg@ezinearticles.com,Genderfluid
Ellie,eseathwrightqh@rambler.ru,Polygender
Abran,amaccallamqi@hatena.ne.jp,Non-binary
Artair,abowraqj@wisc.edu,Genderqueer
Dorie,dtweedleqk@noaa.gov,Male
Horatia,htrevanql@webnode.com,Female
Nancey,nscapensqm@ovh.net,Polygender
Rowney,rcrissilqn@foxnews.com,Genderqueer
Tova,toakqo@si.edu,Genderfluid
Clemmy,cwalthallqp@drupal.org,Male
Mollie,mhasseyqq@last.fm,Female
Lyle,lsilvesterqr@netvibes.com,Agender
Heddie,hcrenshawqs@un.org,Genderqueer
Catie,cfurberqt@dailymail.co.uk,Agender
Syman,sguidiniqu@ehow.com,Polygender
Jorry,jcousinsqv@pen.io,Bigender
Clotilda,cisacssonqw@rakuten.co.jp,Female
Karleen,kcarberryqx@themeforest.net,Male
Stefanie,swallbankqy@amazon.de,Polygender
Herculie,hmaudeqz@wsj.com,Female
Janeva,jjoselinr0@prnewswire.com,Bigender
Leah,lungerechtsr1@ovh.net,Non-binary
Trueman,taggetr2@slideshare.net,Bigender
Janessa,jcranstounr3@whitehouse.gov,Agender
Clair,cceyssenr4@blogtalkradio.com,Bigender
Carlyle,cconnowr5@phoca.cz,Polygender
Lynelle,lgellibrandr6@si.edu,Non-binary
Ivette,ilobler7@marketwatch.com,Male
Dorthy,dpowersr8@wunderground.com,Agender
Rosemonde,rviser9@sciencedaily.com,Female
Elfrieda,ecubleyra@google.co.uk,Bigender
Rozalie,rdykerb@cmu.edu,Female
Cynthia,cokkerrc@smh.com.au,Bigender
Shannah,sloughlanrd@archive.org,Non-binary
Leoine,lfunnellre@nature.com,Genderfluid
Brit,bgarritrf@deviantart.com,Bigender
Valentijn,vmckiddinrg@nifty.com,Genderfluid
Abran,achevolleaurh@a8.net,Genderqueer
Hunt,hsparrowhawkri@nifty.com,Non-binary
Madelina,mlowndesrj@xing.com,Bigender
Roth,rjanacekrk@marketwatch.com,Female
Shari,scabbellrl@constantcontact.com,Non-binary
Kaycee,kcoultardrm@spotify.com,Polygender
Cobb,ccockshttrn@bloglines.com,Agender
Lazarus,lanthonsenro@cpanel.net,Non-binary
Jacobo,jdechellerp@bloglovin.com,Genderfluid
Mychal,mlangfatrq@cbslocal.com,Agender
Cull,cropkinsrr@yellowbook.com,Bigender
